Player's List,Base Price,COST IN ₹ (CR.),Cost IN $ (000),2022 Squad,TYPE_BATSMAN,TYPE_BOWLER,TYPE_WICKETKEEPER,Team_Delhi Capitals,Team_Gujarat Titans,Team_Kolkata Knight Riders,Team_Lucknow Super Giants,Team_Mumbai Indians,Team_Punjab Super Kings,Team_Rajasthan Royals,Team_Royal Challengers Banglore,Team_Sunrisers Hyderabad,Team_Unsold
Shivam Mavi,4000000,6.0,720.0,KKR,False,True,False,False,True,False,False,False,False,False,False,False,False
Joshua Little,5000000,4.4,528.0,Not in 2022 Squad,False,True,False,False,True,False,False,False,False,False,False,False,False
Kane Williamson,20000000,2.0,240.0,SRH,True,False,False,False,True,False,False,False,False,False,False,False,False
K.S. Bharat,2000000,1.2,144.0,DC,False,False,True,False,True,False,False,False,False,False,False,False,False
Mohit Sharma,5000000,0.5,60.0,Not in 2022 Squad,False,True,False,False,True,False,False,False,False,False,False,False,False
Odean Smith,5000000,0.5,60.0,PBKS,False,False,False,False,True,False,False,False,False,False,False,False,False
Urvil Patel,2000000,0.2,24.0,Not in 2022 Squad,False,False,True,False,True,False,False,False,False,False,False,False,False
Rahul Tewatia,0,0.0,0.0,GT,False,False,False,False,True,False,False,False,False,False,False,False,False
Pradeep Sangwan,0,0.0,0.0,GT,False,False,False,False,True,False,False,False,False,False,False,False,False
Rashid Khan,0,0.0,0.0,GT,False,True,False,False,True,False,False,False,False,False,False,False,False
R. Sai Kishore,0,0.0,0.0,GT,False,True,False,False,True,False,False,False,False,False,False,False,False
Yash Dayal,0,0.0,0.0,GT,False,True,False,False,True,False,False,False,False,False,False,False,False
Noor Ahmad,0,0.0,0.0,GT,False,True,False,False,True,False,False,False,False,False,False,False,False
Wriddhiman Saha,0,0.0,0.0,GT,False,False,True,False,True,False,False,False,False,False,False,False,False
Vijay Shankar,0,0.0,0.0,GT,False,False,False,False,True,False,False,False,False,False,False,False,False
Shubman Gill,0,0.0,0.0,GT,True,False,False,False,True,False,False,False,False,False,False,False,False
Hardik Pandya,0,0.0,0.0,GT,False,False,False,False,True,False,False,False,False,False,False,False,False
B. Sai Sudharsan,0,0.0,0.0,GT,False,False,False,False,True,False,False,False,False,False,False,False,False
Alzarri Joseph,0,0.0,0.0,GT,False,True,False,False,True,False,False,False,False,False,False,False,False
Abhinav Sadarangani,0,0.0,0.0,GT,True,False,False,False,True,False,False,False,False,False,False,False,False
Darshan Nalkande,0,0.0,0.0,GT,False,False,False,False,True,False,False,False,False,False,False,False,False
David Miller,0,0.0,0.0,GT,True,False,False,False,True,False,False,False,False,False,False,False,False
Matthew Wade,0,0.0,0.0,GT,False,False,True,False,True,False,False,False,False,False,False,False,False
Jayant Yadav,0,0.0,0.0,GT,False,False,False,False,True,False,False,False,False,False,False,False,False
Mohammad Shami,0,0.0,0.0,GT,False,True,False,False,True,False,False,False,False,False,False,False,False
Ben Stokes,20000000,16.25,1950.0,Not in 2022 Squad,False,False,False,False,False,False,False,False,False,False,False,False,False
Kyle Jamieson,10000000,1.0,120.0,Not in 2022 Squad,False,True,False,False,False,False,False,False,False,False,False,False,False
Nishant Sindhu,2000000,0.6,72.0,Not in 2022 Squad,False,False,False,False,False,False,False,False,False,False,False,False,False
Ajinkya Rahane,5000000,0.5,60.0,KKR,True,False,False,False,False,False,False,False,False,False,False,False,False
Bhagath Varma,2000000,0.2,24.0,CSK,False,False,False,False,False,False,False,False,False,False,False,False,False
Ajay Mandal,2000000,0.2,24.0,Not in 2022 Squad,False,False,False,False,False,False,False,False,False,False,False,False,False
Shaik Rasheed,2000000,0.2,24.0,Not in 2022 Squad,True,False,False,False,False,False,False,False,False,False,False,False,False
Ravindra Jadeja,0,0.0,0.0,CSK,False,False,False,False,False,False,False,False,False,False,False,False,False
Rajvardhan Hangargekar,0,0.0,0.0,CSK,False,False,False,False,False,False,False,False,False,False,False,False,False
Prashant Solanki,0,0.0,0.0,CSK,False,True,False,False,False,False,False,False,False,False,False,False,False
Ruturaj Gaikwad,0,0.0,0.0,CSK,True,False,False,False,False,False,False,False,False,False,False,False,False
Tushar Deshpande,0,0.0,0.0,CSK,False,True,False,False,False,False,False,False,False,False,False,False,False
Mukesh Choudhary,0,0.0,0.0,CSK,False,True,False,False,False,False,False,False,False,False,False,False,False
Subhranshu Senapati,0,0.0,0.0,CSK,True,False,False,False,False,False,False,False,False,False,False,False,False
Simarjeet Singh,0,0.0,0.0,CSK,False,True,False,False,False,False,False,False,False,False,False,False,False
Shivam Dube,0,0.0,0.0,CSK,False,False,False,False,False,False,False,False,False,False,False,False,False
Matheesha Pathirana,0,0.0,0.0,CSK,False,True,False,False,False,False,False,False,False,False,False,False,False
Devon Conway,0,0.0,0.0,CSK,True,False,False,False,False,False,False,False,False,False,False,False,False
Deepak Chahar,0,0.0,0.0,CSK,False,True,False,False,False,False,False,False,False,False,False,False,False
Ambati Rayudu,0,0.0,0.0,CSK,True,False,False,False,False,False,False,False,False,False,False,False,False
Dwaine Pretorius,0,0.0,0.0,CSK,False,False,False,False,False,False,False,False,False,False,False,False,False
Maheesh Theekshana,0,0.0,0.0,CSK,False,True,False,False,False,False,False,False,False,False,False,False,False
Moeen Ali,0,0.0,0.0,CSK,False,False,False,False,False,False,False,False,False,False,False,False,False
Mitchell Santner,0,0.0,0.0,CSK,False,False,False,False,False,False,False,False,False,False,False,False,False
MS Dhoni,0,0.0,0.0,CSK,False,False,True,False,False,False,False,False,False,False,False,False,False
Mukesh Kumar,2000000,5.5,660.0,Not in 2022 Squad,False,True,False,True,False,False,False,False,False,False,False,False,False
Rilee Rossouw,20000000,4.6,552.0,Not in 2022 Squad,True,False,False,True,False,False,False,False,False,False,False,False,False
Manish Pandey,10000000,2.4,288.0,LSG,True,False,False,True,False,False,False,False,False,False,False,False,False
Phil Salt,20000000,2.0,240.0,Not in 2022 Squad,False,False,True,True,False,False,False,False,False,False,False,False,False
Ishant Sharma,5000000,0.5,60.0,Not in 2022 Squad,False,True,False,True,False,False,False,False,False,False,False,False,False
Ripal Patel,0,0.0,0.0,DC,False,False,False,True,False,False,False,False,False,False,False,False,False
Pravin Dubey,0,0.0,0.0,DC,False,False,False,True,False,False,False,False,False,False,False,False,False
Rishabh Pant,0,0.0,0.0,DC,False,False,True,True,False,False,False,False,False,False,False,False,False
Prithvi Shaw,0,0.0,0.0,DC,True,False,False,True,False,False,False,False,False,False,False,False,False
Syed Khaleel Ahmed,0,0.0,0.0,DC,False,True,False,True,False,False,False,False,False,False,False,False,False
Yash Dhull,0,0.0,0.0,DC,False,False,False,True,False,False,False,False,False,False,False,False,False
Vicky Ostwal,0,0.0,0.0,DC,False,False,False,True,False,False,False,False,False,False,False,False,False
Mustafizur Rahman,0,0.0,0.0,DC,False,True,False,True,False,False,False,False,False,False,False,False,False
Sarfaraz Khan,0,0.0,0.0,DC,False,False,False,True,False,False,False,False,False,False,False,False,False
Rovman Powell,0,0.0,0.0,DC,True,False,False,True,False,False,False,False,False,False,False,False,False
Lalit Yadav,0,0.0,0.0,DC,False,False,False,True,False,False,False,False,False,False,False,False,False
Axar Patel,0,0.0,0.0,DC,False,False,False,True,False,False,False,False,False,False,False,False,False
Anrich Nortje,0,0.0,0.0,DC,False,True,False,True,False,False,False,False,False,False,False,False,False
Aman Khan (T),0,0.0,0.0,DC,False,False,False,True,False,False,False,False,False,False,False,False,False
Chetan Sakariya,0,0.0,0.0,DC,False,True,False,True,False,False,False,False,False,False,False,False,False
David Warner,0,0.0,0.0,DC,True,False,False,True,False,False,False,False,False,False,False,False,False
Lungisani Ngidi,0,0.0,0.0,DC,False,True,False,True,False,False,False,False,False,False,False,False,False
Kuldeep Yadav,0,0.0,0.0,DC,False,True,False,True,False,False,False,False,False,False,False,False,False
Kamlesh Nagarkoti,0,0.0,0.0,DC,False,False,False,True,False,False,False,False,False,False,False,False,False
Mitchell Marsh,0,0.0,0.0,DC,False,False,False,True,False,False,False,False,False,False,False,False,False
Shakib Al Hasan,1500000,1.5,180.0,Not in 2022 Squad,False,False,False,False,False,True,False,False,False,False,False,False,False
David Wiese,10000000,1.0,120.0,Not in 2022 Squad,False,False,False,False,False,True,False,False,False,False,False,False,False
N. Jagadeesan,2000000,0.9,108.0,CSK,False,False,True,False,False,True,False,False,False,False,False,False,False
Vaibhav Arora,2000000,0.6,72.0,PBKS,False,True,False,False,False,True,False,False,False,False,False,False,False
Litton Das,5000000,0.5,60.0,Not in 2022 Squad,False,False,True,False,False,True,False,False,False,False,False,False,False
Mandeep Singh,5000000,0.5,60.0,DC,True,False,False,False,False,True,False,False,False,False,False,False,False
Kulwant Khejroliya,2000000,0.2,24.0,Not in 2022 Squad,False,True,False,False,False,True,False,False,False,False,False,False,False
Suyash Sharma,2000000,0.2,24.0,Not in 2022 Squad,False,True,False,False,False,True,False,False,False,False,False,False,False
Sunil Narine,0,0.0,0.0,KKR,False,True,False,False,False,True,False,False,False,False,False,False,False
Shreyas Iyer,0,0.0,0.0,KKR,True,False,False,False,False,True,False,False,False,False,False,False,False
Tim Southee,0,0.0,0.0,KKR,False,True,False,False,False,True,False,False,False,False,False,False,False
Umesh Yadav,0,0.0,0.0,KKR,False,True,False,False,False,True,False,False,False,False,False,False,False
Varun Chakaravarthy,0,0.0,0.0,KKR,False,True,False,False,False,True,False,False,False,False,False,False,False
Shardul Thakur (T),0,0.0,0.0,KKR,False,True,False,False,False,True,False,False,False,False,False,False,False
Venkatesh Iyer,0,0.0,0.0,KKR,False,False,False,False,False,True,False,False,False,False,False,False,False
Harshit Rana,0,0.0,0.0,KKR,False,True,False,False,False,True,False,False,False,False,False,False,False
Anukul Roy,0,0.0,0.0,KKR,False,False,False,False,False,True,False,False,False,False,False,False,False
Andre Russell,0,0.0,0.0,KKR,False,False,False,False,False,True,False,False,False,False,False,False,False
Lockie Ferguson (T),0,0.0,0.0,KKR,False,True,False,False,False,True,False,False,False,False,False,False,False
Nitish Rana,0,0.0,0.0,KKR,False,False,False,False,False,True,False,False,False,False,False,False,False
Rahmanullah Gurbaz (T),0,0.0,0.0,KKR,False,False,True,False,False,True,False,False,False,False,False,False,False
Rinku Singh,0,0.0,0.0,KKR,True,False,False,False,False,True,False,False,False,False,False,False,False
Sam Curran,20000000,18.5,2220.0,Not in 2022 Squad,False,False,False,False,False,False,False,False,True,False,False,False,False
Sikandar Raza,5000000,0.5,60.0,Not in 2022 Squad,False,False,False,False,False,False,False,False,True,False,False,False,False
Harpreet Bhatia,2000000,0.4,48.0,Not in 2022 Squad,True,False,False,False,False,False,False,False,True,False,False,False,False
Mohit Rathee,2000000,0.2,24.0,Not in 2022 Squad,False,False,False,False,False,False,False,False,True,False,False,False,False
Vidwath Kaverappa,2000000,0.2,24.0,Not in 2022 Squad,False,True,False,False,False,False,False,False,True,False,False,False,False
Shivam Singh,5000000,0.2,24.0,Not in 2022 Squad,False,False,True,False,False,False,False,False,True,False,False,False,False
Liam Livingstone,0,0.0,0.0,PBKS,False,False,False,False,False,False,False,False,True,False,False,False,False
Baltej Singh Dhanda,0,0.0,0.0,PBKS,False,True,False,False,False,False,False,False,True,False,False,False,False
Atharva Taide,0,0.0,0.0,PBKS,False,False,False,False,False,False,False,False,True,False,False,False,False
Bhanuka Rajapakse,0,0.0,0.0,PBKS,True,False,False,False,False,False,False,False,True,False,False,False,False
Jitesh Sharma,0,0.0,0.0,PBKS,False,False,True,False,False,False,False,False,True,False,False,False,False
Nathan Ellis,0,0.0,0.0,PBKS,False,True,False,False,False,False,False,False,True,False,False,False,False
Jonny Bairstow,0,0.0,0.0,PBKS,False,False,True,False,False,False,False,False,True,False,False,False,False
Kagiso Rabada,0,0.0,0.0,PBKS,False,True,False,False,False,False,False,False,True,False,False,False,False
Harpreet Brar,0,0.0,0.0,PBKS,False,False,False,False,False,False,False,False,True,False,False,False,False
Shahrukh Khan,0,0.0,0.0,PBKS,False,False,False,False,False,False,False,False,True,False,False,False,False
Shikhar Dhawan,0,0.0,0.0,PBKS,True,False,False,False,False,False,False,False,True,False,False,False,False
Rahul Chahar,0,0.0,0.0,PBKS,False,True,False,False,False,False,False,False,True,False,False,False,False
Arshdeep Singh,0,0.0,0.0,PBKS,False,True,False,False,False,False,False,False,True,False,False,False,False
Prabhsimran Singh,0,0.0,0.0,PBKS,False,False,True,False,False,False,False,False,True,False,False,False,False
Raj Angad Bawa,0,0.0,0.0,PBKS,False,False,False,False,False,False,False,False,True,False,False,False,False
Rishi Dhawan,0,0.0,0.0,PBKS,False,False,False,False,False,False,False,False,True,False,False,False,False
Nicholas Pooran,20000000,16.0,1920.0,SRH,False,False,True,False,False,False,True,False,False,False,False,False,False
Daniel Sams,7500000,0.75,90.0,MI,False,False,False,False,False,False,True,False,False,False,False,False,False
Jaydev Unadkat,5000000,0.5,60.0,MI,False,True,False,False,False,False,True,False,False,False,False,False,False
Naveen Ul Haq,5000000,0.5,60.0,Not in 2022 Squad,False,True,False,False,False,False,True,False,False,False,False,False,False
Amit Mishra,5000000,0.5,60.0,Not in 2022 Squad,False,True,False,False,False,False,True,False,False,False,False,False,False
Romario Shepherd,5000000,0.5,60.0,SRH,False,False,False,False,False,False,True,False,False,False,False,False,False
Yash Thakur,2000000,0.45,54.0,Not in 2022 Squad,False,True,False,False,False,False,True,False,False,False,False,False,False
Swapnil Singh,2000000,0.2,24.0,Not in 2022 Squad,False,False,False,False,False,False,True,False,False,False,False,False,False
Yudhvir Charak,2000000,0.2,24.0,Not in 2022 Squad,False,False,False,False,False,False,True,False,False,False,False,False,False
Prerak Mankad,2000000,0.2,24.0,PBKS,False,False,False,False,False,False,True,False,False,False,False,False,False
Mark Wood,0,0.0,0.0,LSG,False,True,False,False,False,False,True,False,False,False,False,False,False
Marcus Stoinis,0,0.0,0.0,LSG,False,False,False,False,False,False,True,False,False,False,False,False,False
Mayank Yadav,0,0.0,0.0,LSG,False,True,False,False,False,False,True,False,False,False,False,False,False
Mohsin Khan,0,0.0,0.0,LSG,False,True,False,False,False,False,True,False,False,False,False,False,False
Quinton De Kock,0,0.0,0.0,LSG,False,False,True,False,False,False,True,False,False,False,False,False,False
Manan Vohra,0,0.0,0.0,LSG,True,False,False,False,False,False,True,False,False,False,False,False,False
Ravi Bishnoi,0,0.0,0.0,LSG,False,True,False,False,False,False,True,False,False,False,False,False,False
Deepak Hooda,0,0.0,0.0,LSG,False,False,False,False,False,False,True,False,False,False,False,False,False
Ayush Badoni,0,0.0,0.0,LSG,False,False,False,False,False,False,True,False,False,False,False,False,False
Avesh Khan,0,0.0,0.0,LSG,False,True,False,False,False,False,True,False,False,False,False,False,False
K. Gowtham,0,0.0,0.0,LSG,False,False,False,False,False,False,True,False,False,False,False,False,False
Karan Sharma,0,0.0,0.0,LSG,False,False,False,False,False,False,True,False,False,False,False,False,False
Krunal Pandya,0,0.0,0.0,LSG,False,False,False,False,False,False,True,False,False,False,False,False,False
KL Rahul,0,0.0,0.0,LSG,True,False,False,False,False,False,True,False,False,False,False,False,False
Kyle Mayers,0,0.0,0.0,LSG,False,False,False,False,False,False,True,False,False,False,False,False,False
Cameron Green,20000000,17.5,2100.0,Not in 2022 Squad,False,False,False,False,False,False,False,True,False,False,False,False,False
Jhye Richardson,1500000,1.5,180.0,Not in 2022 Squad,False,True,False,False,False,False,False,True,False,False,False,False,False
Piyush Chawla,5000000,0.5,60.0,Not in 2022 Squad,False,True,False,False,False,False,False,True,False,False,False,False,False
Raghav Goyal,2000000,0.2,24.0,Not in 2022 Squad,False,True,False,False,False,False,False,True,False,False,False,False,False
Shams Mulani,2000000,0.2,24.0,Not in 2022 Squad,False,False,False,False,False,False,False,True,False,False,False,False,False
Nehal Wadhera,2000000,0.2,24.0,Not in 2022 Squad,False,False,False,False,False,False,False,True,False,False,False,False,False
Vishnu Vinod,2000000,0.2,24.0,SRH,False,False,True,False,False,False,False,True,False,False,False,False,False
Duan Jansen,2000000,0.2,24.0,Not in 2022 Squad,False,False,False,False,False,False,False,True,False,False,False,False,False
Ramandeep Singh,0,0.0,0.0,MI,False,False,False,False,False,False,False,True,False,False,False,False,False
N. Tilak Varma,0,0.0,0.0,MI,False,False,False,False,False,False,False,True,False,False,False,False,False
Mohd. Arshad Khan,0,0.0,0.0,MI,False,False,False,False,False,False,False,True,False,False,False,False,False
Rohit Sharma,0,0.0,0.0,MI,True,False,False,False,False,False,False,True,False,False,False,False,False
Suryakumar Yadav,0,0.0,0.0,MI,True,False,False,False,False,False,False,True,False,False,False,False,False
Kumar Kartikeya Singh,0,0.0,0.0,MI,False,False,False,False,False,False,False,True,False,False,False,False,False
Tristan Stubbs*,0,0.0,0.0,MI,False,False,True,False,False,False,False,True,False,False,False,False,False
Tim David,0,0.0,0.0,MI,False,False,False,False,False,False,False,True,False,False,False,False,False
Hrithik Shokeen,0,0.0,0.0,MI,False,False,False,False,False,False,False,True,False,False,False,False,False
Arjun Tendulkar,0,0.0,0.0,MI,False,False,False,False,False,False,False,True,False,False,False,False,False
Akash Madhwal,0,0.0,0.0,MI,False,True,False,False,False,False,False,True,False,False,False,False,False
Dewald Brevis,0,0.0,0.0,MI,True,False,False,False,False,False,False,True,False,False,False,False,False
Ishan Kishan,0,0.0,0.0,MI,False,False,True,False,False,False,False,True,False,False,False,False,False
Jasprit Bumrah,0,0.0,0.0,MI,False,True,False,False,False,False,False,True,False,False,False,False,False
Jason Behrendorff (T),0,0.0,0.0,MI,False,True,False,False,False,False,False,True,False,False,False,False,False
Jofra Archer,0,0.0,0.0,MI,False,False,False,False,False,False,False,True,False,False,False,False,False
Will Jacks,1500000,3.2,384.0,Not in 2022 Squad,True,False,False,False,False,False,False,False,False,False,True,False,False
Reece Topley,7500000,1.9,228.0,Not in 2022 Squad,False,True,False,False,False,False,False,False,False,False,True,False,False
Rajan Kumar,2000000,0.7,84.0,Not in 2022 Squad,False,True,False,False,False,False,False,False,False,False,True,False,False
Avinash Singh,2000000,0.6,72.0,Not in 2022 Squad,False,True,False,False,False,False,False,False,False,False,True,False,False
Manoj Bhandage,2000000,0.2,24.0,Not in 2022 Squad,False,False,False,False,False,False,False,False,False,False,True,False,False
Sonu Yadav,2000000,0.2,24.0,Not in 2022 Squad,False,False,False,False,False,False,False,False,False,False,True,False,False
Himanshu Sharma,2000000,0.2,24.0,Not in 2022 Squad,False,True,False,False,False,False,False,False,False,False,True,False,False
Rajat Patidar,0,0.0,0.0,RCB,True,False,False,False,False,False,False,False,False,False,True,False,False
Mahipal Lomror,0,0.0,0.0,RCB,False,True,False,False,False,False,False,False,False,False,True,False,False
Shahbaz Ahamad,0,0.0,0.0,RCB,False,False,False,False,False,False,False,False,False,False,True,False,False
Mohammed Siraj,0,0.0,0.0,RCB,False,True,False,False,False,False,False,False,False,False,True,False,False
Wanindu Hasaranga,0,0.0,0.0,RCB,False,False,False,False,False,False,False,False,False,False,True,False,False
Karn Sharma,0,0.0,0.0,RCB,False,True,False,False,False,False,False,False,False,False,True,False,False
Virat Kohli,0,0.0,0.0,RCB,True,False,False,False,False,False,False,False,False,False,True,False,False
Suyash Prabhudessai,0,0.0,0.0,RCB,False,False,False,False,False,False,False,False,False,False,True,False,False
Siddharth Kaul,0,0.0,0.0,RCB,False,True,False,False,False,False,False,False,False,False,True,False,False
Finn Allen,0,0.0,0.0,RCB,True,False,False,False,False,False,False,False,False,False,True,False,False
David Willey,0,0.0,0.0,RCB,False,False,False,False,False,False,False,False,False,False,True,False,False
Anuj Rawat,0,0.0,0.0,RCB,False,False,True,False,False,False,False,False,False,False,True,False,False
Akash Deep,0,0.0,0.0,RCB,False,True,False,False,False,False,False,False,False,False,True,False,False
Dinesh Karthik,0,0.0,0.0,RCB,False,False,True,False,False,False,False,False,False,False,True,False,False
Faf Du Plessis,0,0.0,0.0,RCB,True,False,False,False,False,False,False,False,False,False,True,False,False
Harshal Patel,0,0.0,0.0,RCB,False,False,False,False,False,False,False,False,False,False,True,False,False
Glenn Maxwell,0,0.0,0.0,RCB,False,False,False,False,False,False,False,False,False,False,True,False,False
Josh Hazlewood,0,0.0,0.0,RCB,False,True,False,False,False,False,False,False,False,False,True,False,False
Jason Holder,20000000,5.75,690.0,LSG,False,False,False,False,False,False,False,False,False,True,False,False,False
Adam Zampa,1500000,1.5,180.0,Not in 2022 Squad,False,True,False,False,False,False,False,False,False,True,False,False,False
Joe Root,10000000,1.0,120.0,Not in 2022 Squad,True,False,False,False,False,False,False,False,False,True,False,False,False
Donovan Ferreira,2000000,0.5,60.0,Not in 2022 Squad,False,False,True,False,False,False,False,False,False,True,False,False,False
K.M. Asif,3000000,0.3,36.0,CSK,False,True,False,False,False,False,False,False,False,True,False,False,False
Kunal Rathore,2000000,0.2,24.0,Not in 2022 Squad,False,False,True,False,False,False,False,False,False,True,False,False,False
Abdul P A,2000000,0.2,24.0,Not in 2022 Squad,False,False,False,False,False,False,False,False,False,True,False,False,False
Akash Vashisht,2000000,0.2,24.0,Not in 2022 Squad,False,False,False,False,False,False,False,False,False,True,False,False,False
Murugan Ashwin,2000000,0.2,24.0,MI,False,True,False,False,False,False,False,False,False,True,False,False,False
Sanju Samson,0,0.0,0.0,RR,False,False,True,False,False,False,False,False,False,True,False,False,False
Riyan Parag,0,0.0,0.0,RR,False,False,False,False,False,False,False,False,False,True,False,False,False
R. Ashwin,0,0.0,0.0,RR,False,False,False,False,False,False,False,False,False,True,False,False,False
Shimron Hetmyer,0,0.0,0.0,RR,True,False,False,False,False,False,False,False,False,True,False,False,False
Trent Boult,0,0.0,0.0,RR,False,True,False,False,False,False,False,False,False,True,False,False,False
Prasidh Krishna,0,0.0,0.0,RR,False,True,False,False,False,False,False,False,False,True,False,False,False
Yuzvendra Chahal,0,0.0,0.0,RR,False,True,False,False,False,False,False,False,False,True,False,False,False
Yashasvi Jaiswal,0,0.0,0.0,RR,True,False,False,False,False,False,False,False,False,True,False,False,False
K.C Cariappa,0,0.0,0.0,RR,False,True,False,False,False,False,False,False,False,True,False,False,False
Dhruv Jurel,0,0.0,0.0,RR,False,False,True,False,False,False,False,False,False,True,False,False,False
Devdutt Padikkal,0,0.0,0.0,RR,True,False,False,False,False,False,False,False,False,True,False,False,False
Jos Buttler,0,0.0,0.0,RR,False,False,True,False,False,False,False,False,False,True,False,False,False
Kuldeep Sen,0,0.0,0.0,RR,False,True,False,False,False,False,False,False,False,True,False,False,False
Navdeep Saini,0,0.0,0.0,RR,False,True,False,False,False,False,False,False,False,True,False,False,False
Kuldip Yadav,0,0.0,0.0,RR,False,True,False,False,False,False,False,False,False,True,False,False,False
Obed Mccoy,0,0.0,0.0,RR,False,True,False,False,False,False,False,False,False,True,False,False,False
Harry Brook,15000000,13.25,1590.0,Not in 2022 Squad,True,False,False,False,False,False,False,False,False,False,False,True,False
Mayank Agarwal,10000000,8.25,990.0,PBKS,True,False,False,False,False,False,False,False,False,False,False,True,False
Heinrich Klaasen,10000000,5.25,630.0,Not in 2022 Squad,False,False,True,False,False,False,False,False,False,False,False,True,False
Vivrant Sharma,2000000,2.6,312.0,Not in 2022 Squad,False,False,False,False,False,False,False,False,False,False,False,True,False
Adil Rashid,20000000,2.0,240.0,Not in 2022 Squad,False,True,False,False,False,False,False,False,False,False,False,True,False
Mayank Dagar,2000000,1.8,216.0,Not in 2022 Squad,False,False,False,False,False,False,False,False,False,False,False,True,False
Akeal Hosein,10000000,1.0,120.0,Not in 2022 Squad,False,True,False,False,False,False,False,False,False,False,False,True,False
Mayank Markande,5000000,0.5,60.0,MI,False,True,False,False,False,False,False,False,False,False,False,True,False
Upendra Singh Yadav,2000000,0.25,30.0,Not in 2022 Squad,False,False,True,False,False,False,False,False,False,False,False,True,False
Nitish Kumar Reddy,2000000,0.2,24.0,Not in 2022 Squad,False,False,True,False,False,False,False,False,False,False,False,True,False
Samarth Vyas,2000000,0.2,24.0,Not in 2022 Squad,False,False,False,False,False,False,False,False,False,False,False,True,False
Anmolpreet Singh,2000000,0.2,24.0,MI,True,False,False,False,False,False,False,False,False,False,False,True,False
Sanvir Singh,2000000,0.2,24.0,Not in 2022 Squad,False,False,False,False,False,False,False,False,False,False,False,True,False
Marco Jansen,0,0.0,0.0,SRH,False,False,False,False,False,False,False,False,False,False,False,True,False
Rahul Tripathi,0,0.0,0.0,SRH,True,False,False,False,False,False,False,False,False,False,False,True,False
Umran Malik,0,0.0,0.0,SRH,False,True,False,False,False,False,False,False,False,False,False,True,False
Washington Sundar,0,0.0,0.0,SRH,False,False,False,False,False,False,False,False,False,False,False,True,False
Kartik Tyagi,0,0.0,0.0,SRH,False,True,False,False,False,False,False,False,False,False,False,True,False
T. Natarajan,0,0.0,0.0,SRH,False,True,False,False,False,False,False,False,False,False,False,True,False
Fazalhaq Farooqi,0,0.0,0.0,SRH,False,True,False,False,False,False,False,False,False,False,False,True,False
Abdul Samad,0,0.0,0.0,SRH,True,False,False,False,False,False,False,False,False,False,False,True,False
Abhishek Sharma,0,0.0,0.0,SRH,False,False,False,False,False,False,False,False,False,False,False,True,False
Aiden Markram,0,0.0,0.0,SRH,True,False,False,False,False,False,False,False,False,False,False,True,False
Bhuvneshwar Kumar,0,0.0,0.0,SRH,False,True,False,False,False,False,False,False,False,False,False,True,False
Glenn Phillips,0,0.0,0.0,SRH,False,False,True,False,False,False,False,False,False,False,False,True,False
Tom Banton,20000000,0.0,0.0,Not in 2022 Squad,False,False,True,False,False,False,False,False,False,False,False,False,True
Kusal Mendis,5000000,0.0,0.0,Not in 2022 Squad,False,False,True,False,False,False,False,False,False,False,False,False,True
Chris Jordan,20000000,0.0,0.0,CSK,False,True,False,False,False,False,False,False,False,False,False,False,True
Adam Milne,20000000,0.0,0.0,CSK,False,True,False,False,False,False,False,False,False,False,False,False,True
Mujeeb Rahman,10000000,0.0,0.0,Not in 2022 Squad,False,True,False,False,False,False,False,False,False,False,False,False,True
Tabraiz Shamsi,10000000,0.0,0.0,Not in 2022 Squad,False,True,False,False,False,False,False,False,False,False,False,False,True
Shubham Khajuria,2000000,0.0,0.0,Not in 2022 Squad,True,False,False,False,False,False,False,False,False,False,False,False,True
Rohan Kunnummal,2000000,0.0,0.0,Not in 2022 Squad,True,False,False,False,False,False,False,False,False,False,False,False,True
Chethan L.R.,2000000,0.0,0.0,Not in 2022 Squad,True,False,False,False,False,False,False,False,False,False,False,False,True
Himmat Singh,2000000,0.0,0.0,Not in 2022 Squad,True,False,False,False,False,False,False,False,False,False,False,False,True
Corbin Bosch,2000000,0.0,0.0,RR,False,False,False,False,False,False,False,False,False,False,False,False,True
Priyam Garg,2000000,0.0,0.0,SRH,False,False,False,False,False,False,False,False,False,False,False,False,True
Saurabh Kumar,2000000,0.0,0.0,Not in 2022 Squad,False,False,False,False,False,False,False,False,False,False,False,False,True
Shashank Singh,2000000,0.0,0.0,SRH,False,False,False,False,False,False,False,False,False,False,False,False,True
Mohammed Azharuddeen,2000000,0.0,0.0,Not in 2022 Squad,False,False,True,False,False,False,False,False,False,False,False,False,True
Dinesh Bana,2000000,0.0,0.0,Not in 2022 Squad,False,False,True,False,False,False,False,False,False,False,False,False,True
Abhimanyu Easwaran,2000000,0.0,0.0,Not in 2022 Squad,False,False,True,False,False,False,False,False,False,False,False,False,True
Sumit Kumar,2000000,0.0,0.0,Not in 2022 Squad,False,False,True,False,False,False,False,False,False,False,False,False,True
Lance Morris,3000000,0.0,0.0,Not in 2022 Squad,False,True,False,False,False,False,False,False,False,False,False,False,True
Mujtaba Yousuf,2000000,0.0,0.0,Not in 2022 Squad,False,True,False,False,False,False,False,False,False,False,False,False,True
Chintal Gandhi,2000000,0.0,0.0,Not in 2022 Squad,False,True,False,False,False,False,False,False,False,False,False,False,True
Shreyas Gopal,2000000,0.0,0.0,SRH,False,True,False,False,False,False,False,False,False,False,False,False,True
S Midhun,2000000,0.0,0.0,Not in 2022 Squad,False,True,False,False,False,False,False,False,False,False,False,False,True
Izharulhuq Naveed,2000000,0.0,0.0,Not in 2022 Squad,False,True,False,False,False,False,False,False,False,False,False,False,True
Travis Head,20000000,0.0,0.0,Not in 2022 Squad,True,False,False,False,False,False,False,False,False,False,False,False,True
Dawid Malan,1500000,0.0,0.0,Not in 2022 Squad,True,False,False,False,False,False,False,False,False,False,False,False,True
Sherfane Rutherford,1500000,0.0,0.0,RCB,True,False,False,False,False,False,False,False,False,False,False,False,True
Paul Stirling,5000000,0.0,0.0,Not in 2022 Squad,True,False,False,False,False,False,False,False,False,False,False,False,True
Rassie Van Der Dussen,20000000,0.0,0.0,RR,True,False,False,False,False,False,False,False,False,False,False,False,True
Daryl Mitchell,10000000,0.0,0.0,RR,False,False,False,False,False,False,False,False,False,False,False,False,True
Mohammad Nabi,10000000,0.0,0.0,KKR,False,False,False,False,False,False,False,False,False,False,False,False,True
Jimmy Neesham,20000000,0.0,0.0,RR,False,False,False,False,False,False,False,False,False,False,False,False,True
Wayne Parnell,7500000,0.0,0.0,Not in 2022 Squad,False,False,False,False,False,False,False,False,False,False,False,False,True
Dasun Shanaka,5000000,0.0,0.0,Not in 2022 Squad,False,False,False,False,False,False,False,False,False,False,False,False,True
Taskin Ahmed,5000000,0.0,0.0,Not in 2022 Squad,False,True,False,False,False,False,False,False,False,False,False,False,True
Dushmanta Chameera,5000000,0.0,0.0,LSG,False,True,False,False,False,False,False,False,False,False,False,False,True
Riley Meredith,1500000,0.0,0.0,MI,False,True,False,False,False,False,False,False,False,False,False,False,True
Blessing Muzarabani,5000000,0.0,0.0,Not in 2022 Squad,False,True,False,False,False,False,False,False,False,False,False,False,True
Sandeep Sharma,5000000,0.0,0.0,PBKS,False,True,False,False,False,False,False,False,False,False,False,False,True
Johnson Charles,5000000,0.0,0.0,Not in 2022 Squad,False,False,True,False,False,False,False,False,False,False,False,False,True
Andre Fletcher,5000000,0.0,0.0,Not in 2022 Squad,False,False,True,False,False,False,False,False,False,False,False,False,True
Shai Hope,10000000,0.0,0.0,Not in 2022 Squad,False,False,True,False,False,False,False,False,False,False,False,False,True
Tom Latham,10000000,0.0,0.0,Not in 2022 Squad,False,False,True,False,False,False,False,False,False,False,False,False,True
Joshua Philippe,7500000,0.0,0.0,Not in 2022 Squad,False,False,True,False,False,False,False,False,False,False,False,False,True
Lorcan Tucker,5000000,0.0,0.0,Not in 2022 Squad,False,False,True,False,False,False,False,False,False,False,False,False,True
Shahbaz Nadeem,5000000,0.0,0.0,LSG,False,True,False,False,False,False,False,False,False,False,False,False,True
Ish Sodhi,7500000,0.0,0.0,Not in 2022 Squad,False,True,False,False,False,False,False,False,False,False,False,False,True
Sachin Baby,2000000,0.0,0.0,Not in 2022 Squad,True,False,False,False,False,False,False,False,False,False,False,False,True
Ashwin Hebbar,2000000,0.0,0.0,DC,True,False,False,False,False,False,False,False,False,False,False,False,True
Pukhraj Mann,2000000,0.0,0.0,Not in 2022 Squad,True,False,False,False,False,False,False,False,False,False,False,False,True
Akshat Raghuwanshi,2000000,0.0,0.0,Not in 2022 Squad,True,False,False,False,False,False,False,False,False,False,False,False,True
Himanshu Rana,2000000,0.0,0.0,Not in 2022 Squad,True,False,False,False,False,False,False,False,False,False,False,False,True
Shoun Roger,2000000,0.0,0.0,Not in 2022 Squad,True,False,False,False,False,False,False,False,False,False,False,False,True
Virat Singh,2000000,0.0,0.0,Not in 2022 Squad,True,False,False,False,False,False,False,False,False,False,False,False,True
Will Smeed,4000000,0.0,0.0,Not in 2022 Squad,True,False,False,False,False,False,False,False,False,False,False,False,True
Apoorv Wankhade,3000000,0.0,0.0,Not in 2022 Squad,True,False,False,False,False,False,False,False,False,False,False,False,True
Gerald Coetzee,2000000,0.0,0.0,Not in 2022 Squad,False,False,False,False,False,False,False,False,False,False,False,False,True
Evan Jones,2000000,0.0,0.0,Not in 2022 Squad,False,False,False,False,False,False,False,False,False,False,False,False,True
Abid Mushtaq,2000000,0.0,0.0,Not in 2022 Squad,False,False,False,False,False,False,False,False,False,False,False,False,True
Suryansh Shedge,2000000,0.0,0.0,Not in 2022 Squad,False,False,False,False,False,False,False,False,False,False,False,False,True
Jagadeesha Suchith,2000000,0.0,0.0,SRH,False,False,False,False,False,False,False,False,False,False,False,False,True
Ricky Bhui,2000000,0.0,0.0,Not in 2022 Squad,False,False,True,False,False,False,False,False,False,False,False,False,True
Baba Indrajith,2000000,0.0,0.0,KKR,False,False,True,False,False,False,False,False,False,False,False,False,True
Sheldon Jackson,2000000,0.0,0.0,KKR,False,False,True,False,False,False,False,False,False,False,False,False,True
Aryan Juyal,2000000,0.0,0.0,MI,False,False,True,False,False,False,False,False,False,False,False,False,True
Kirant Shinde,2000000,0.0,0.0,Not in 2022 Squad,False,False,True,False,False,False,False,False,False,False,False,False,True
Luvnith Sisodia,2000000,0.0,0.0,RCB,False,False,True,False,False,False,False,False,False,False,False,False,True
Vishnu Solanki,2000000,0.0,0.0,Not in 2022 Squad,False,False,True,False,False,False,False,False,False,False,False,False,True
Aniket Choudhary,3000000,0.0,0.0,Not in 2022 Squad,False,True,False,False,False,False,False,False,False,False,False,False,True
Ravi Kumar,2000000,0.0,0.0,Not in 2022 Squad,False,True,False,False,False,False,False,False,False,False,False,False,True
Sushant Mishra,2000000,0.0,0.0,SRH,False,True,False,False,False,False,False,False,False,False,False,False,True
Arzan Nagwaswalla,2000000,0.0,0.0,Not in 2022 Squad,False,True,False,False,False,False,False,False,False,False,False,False,True
Ishan Porel,2000000,0.0,0.0,PBKS,False,True,False,False,False,False,False,False,False,False,False,False,True
Akash Singh,2000000,0.0,0.0,Not in 2022 Squad,False,True,False,False,False,False,False,False,False,False,False,False,True
Basil Thampi,2000000,0.0,0.0,MI,False,True,False,False,False,False,False,False,False,False,False,False,True
Paul Van Meekeren,2000000,0.0,0.0,Not in 2022 Squad,False,True,False,False,False,False,False,False,False,False,False,False,True
Vyshak Vijay Kumar,2000000,0.0,0.0,Not in 2022 Squad,False,True,False,False,False,False,False,False,False,False,False,False,True
S.Ajith Ram,2000000,0.0,0.0,Not in 2022 Squad,False,True,False,False,False,False,False,False,False,False,False,False,True
Satyajeet Bachhav,2000000,0.0,0.0,Not in 2022 Squad,False,True,False,False,False,False,False,False,False,False,False,False,True
Tejas Baroka,2000000,0.0,0.0,RR,False,True,False,False,False,False,False,False,False,False,False,False,True
Yuvraj Chudasama,2000000,0.0,0.0,Not in 2022 Squad,False,True,False,False,False,False,False,False,False,False,False,False,True
Peter Hatzoglou,2000000,0.0,0.0,Not in 2022 Squad,False,True,False,False,False,False,False,False,False,False,False,False,True
Karthik Meiyappan,2000000,0.0,0.0,Not in 2022 Squad,False,True,False,False,False,False,False,False,False,False,False,False,True
Shivam Sharma,2000000,0.0,0.0,Not in 2022 Squad,False,True,False,False,False,False,False,False,False,False,False,False,True
Reeza Hendricks,5000000,0.0,0.0,Not in 2022 Squad,True,False,False,False,False,False,False,False,False,False,False,False,True
Christiaan Jonker,5000000,0.0,0.0,Not in 2022 Squad,True,False,False,False,False,False,False,False,False,False,False,False,True
Brandon King,5000000,0.0,0.0,Not in 2022 Squad,True,False,False,False,False,False,False,False,False,False,False,False,True
Chris Lynn,20000000,0.0,0.0,Not in 2022 Squad,True,False,False,False,False,False,False,False,False,False,False,False,True
Karun Nair,5000000,0.0,0.0,RR,True,False,False,False,False,False,False,False,False,False,False,False,True
Pathum Nissaanka,5000000,0.0,0.0,Not in 2022 Squad,True,False,False,False,False,False,False,False,False,False,False,False,True
Jason Roy,1500000,0.0,0.0,GT,True,False,False,False,False,False,False,False,False,False,False,False,True
Gurkeerat Singh,5000000,0.0,0.0,GT,True,False,False,False,False,False,False,False,False,False,False,False,True
Harry Tector,5000000,0.0,0.0,Not in 2022 Squad,True,False,False,False,False,False,False,False,False,False,False,False,True
Najibullah Zadran,5000000,0.0,0.0,Not in 2022 Squad,True,False,False,False,False,False,False,False,False,False,False,False,True
Sean Abbott,1500000,0.0,0.0,SRH,False,False,False,False,False,False,False,False,False,False,False,False,True
Qais Ahmad,5000000,0.0,0.0,Not in 2022 Squad,False,False,False,False,False,False,False,False,False,False,False,False,True
Charith Asalanka,5000000,0.0,0.0,Not in 2022 Squad,False,False,False,False,False,False,False,False,False,False,False,False,True
Michael Bracewell,10000000,0.0,0.0,Not in 2022 Squad,False,False,False,False,False,False,False,False,False,False,False,False,True
Dominic Drakes,5000000,0.0,0.0,GT,False,False,False,False,False,False,False,False,False,False,False,False,True
George Garton,5000000,0.0,0.0,Not in 2022 Squad,False,False,False,False,False,False,False,False,False,False,False,False,True
Chamika Karunaratne,5000000,0.0,0.0,KKR,False,False,False,False,False,False,False,False,False,False,False,False,True
Jamie Overton,20000000,0.0,0.0,Not in 2022 Squad,False,False,False,False,False,False,False,False,False,False,False,False,True
Sandeep Warrier,5000000,0.0,0.0,Not in 2022 Squad,False,False,False,False,False,False,False,False,False,False,False,False,True
Ben Dwarshuis,5000000,0.0,0.0,Not in 2022 Squad,False,True,False,False,False,False,False,False,False,False,False,False,True
Richard Gleeson,5000000,0.0,0.0,Not in 2022 Squad,False,True,False,False,False,False,False,False,False,False,False,False,True
Lahiru Kumara,5000000,0.0,0.0,Not in 2022 Squad,False,True,False,False,False,False,False,False,False,False,False,False,True
Dilshan Madushanka,5000000,0.0,0.0,Not in 2022 Squad,False,True,False,False,False,False,False,False,False,False,False,False,True
Billy Stanlake,5000000,0.0,0.0,Not in 2022 Squad,False,True,False,False,False,False,False,False,False,False,False,False,True
Andrew Tye,10000000,0.0,0.0,LSG,False,True,False,False,False,False,False,False,False,False,False,False,True
Luke Wood,10000000,0.0,0.0,Not in 2022 Squad,False,True,False,False,False,False,False,False,False,False,False,False,True
Priyansh Arya,2000000,0.0,0.0,Not in 2022 Squad,True,False,False,False,False,False,False,False,False,False,False,False,True
Matthew Breetzke,2000000,0.0,0.0,Not in 2022 Squad,True,False,False,False,False,False,False,False,False,False,False,False,True
Shivam Chauhan,2000000,0.0,0.0,Not in 2022 Squad,True,False,False,False,False,False,False,False,False,False,False,False,True
Rahul Gahlaut,2000000,0.0,0.0,Not in 2022 Squad,True,False,False,False,False,False,False,False,False,False,False,False,True
Sudip Gharami,2000000,0.0,0.0,Not in 2022 Squad,True,False,False,False,False,False,False,False,False,False,False,False,True
C. Hari Nishaanth,2000000,0.0,0.0,CSK,True,False,False,False,False,False,False,False,False,False,False,False,True
Amandeep Khare,2000000,0.0,0.0,Not in 2022 Squad,True,False,False,False,False,False,False,False,False,False,False,False,True
Bhanu Pania,2000000,0.0,0.0,Not in 2022 Squad,True,False,False,False,False,False,False,False,False,False,False,False,True
Ekant Sen,2000000,0.0,0.0,Not in 2022 Squad,True,False,False,False,False,False,False,False,False,False,False,False,True
Akash Singh,2000000,0.0,0.0,Not in 2022 Squad,True,False,False,False,False,False,False,False,False,False,False,False,True
Himanshu Bisht,2000000,0.0,0.0,Not in 2022 Squad,False,False,False,False,False,False,False,False,False,False,False,False,True
Mickil Jaiswal,2000000,0.0,0.0,Not in 2022 Squad,False,False,False,False,False,False,False,False,False,False,False,False,True
G.Aniketh Reddy,2000000,0.0,0.0,Not in 2022 Squad,False,False,False,False,False,False,False,False,False,False,False,False,True
Atit Sheth,2000000,0.0,0.0,Not in 2022 Squad,False,False,False,False,False,False,False,False,False,False,False,False,True
M. Siddharth,2000000,0.0,0.0,Not in 2022 Squad,False,False,False,False,False,False,False,False,False,False,False,False,True
Tanay Thyagarajann,2000000,0.0,0.0,Not in 2022 Squad,False,False,False,False,False,False,False,False,False,False,False,False,True
Sumeet Verma,2000000,0.0,0.0,Not in 2022 Squad,False,False,False,False,False,False,False,False,False,False,False,False,True
Sanjay Yadav,2000000,0.0,0.0,MI,False,False,False,False,False,False,False,False,False,False,False,False,True
Ajitesh Guruswamy,2000000,0.0,0.0,Not in 2022 Squad,False,False,True,False,False,False,False,False,False,False,False,False,True
Yash Kothari,2000000,0.0,0.0,Not in 2022 Squad,False,False,True,False,False,False,False,False,False,False,False,False,True
Suresh Kumar,2000000,0.0,0.0,Not in 2022 Squad,False,False,True,False,False,False,False,False,False,False,False,False,True
Kumar Kushagra,2000000,0.0,0.0,Not in 2022 Squad,False,False,True,False,False,False,False,False,False,False,False,False,True
Anmol Malhotra,2000000,0.0,0.0,Not in 2022 Squad,False,False,True,False,False,False,False,False,False,False,False,False,True
Robin Minz,2000000,0.0,0.0,Not in 2022 Squad,False,False,True,False,False,False,False,False,False,False,False,False,True
Agniv Pan,2000000,0.0,0.0,Not in 2022 Squad,False,False,True,False,False,False,False,False,False,False,False,False,True
Priyesh Patel,2000000,0.0,0.0,Not in 2022 Squad,False,False,True,False,False,False,False,False,False,False,False,False,True
Mitesh Patel,2000000,0.0,0.0,Not in 2022 Squad,False,False,True,False,False,False,False,False,False,False,False,False,True
Abishek Porel,2000000,0.0,0.0,Not in 2022 Squad,False,False,True,False,False,False,False,False,False,False,False,False,True
Bharat Sharma,2000000,0.0,0.0,Not in 2022 Squad,False,False,True,False,False,False,False,False,False,False,False,False,True
Vivek Singh,2000000,0.0,0.0,Not in 2022 Squad,False,False,True,False,False,False,False,False,False,False,False,False,True
Abhijeet Tomar,2000000,0.0,0.0,KKR,False,False,True,False,False,False,False,False,False,False,False,False,True
Basit Bashir,2000000,0.0,0.0,Not in 2022 Squad,False,True,False,False,False,False,False,False,False,False,False,False,True
Nandre Burger,2000000,0.0,0.0,Not in 2022 Squad,False,True,False,False,False,False,False,False,False,False,False,False,True
Rasikh Dar,2000000,0.0,0.0,KKR,False,True,False,False,False,False,False,False,False,False,False,False,True
Sakib Hussain,2000000,0.0,0.0,Not in 2022 Squad,False,True,False,False,False,False,False,False,False,False,False,False,True
Waseem Khanday,2000000,0.0,0.0,Not in 2022 Squad,False,True,False,False,False,False,False,False,False,False,False,False,True
Ravi Kiran Majeti,2000000,0.0,0.0,Not in 2022 Squad,False,True,False,False,False,False,False,False,False,False,False,False,True
Lukman Hussain Meriwala,2000000,0.0,0.0,Not in 2022 Squad,False,True,False,False,False,False,False,False,False,False,False,False,True
Anuj Raj,2000000,0.0,0.0,Not in 2022 Squad,False,True,False,False,False,False,False,False,False,False,False,False,True
Ankit Singh Rajpoot,2000000,0.0,0.0,LSG,False,True,False,False,False,False,False,False,False,False,False,False,True
Prince Yadav,2000000,0.0,0.0,Not in 2022 Squad,False,True,False,False,False,False,False,False,False,False,False,False,True
Prithviraj Yarra,2000000,0.0,0.0,Not in 2022 Squad,False,True,False,False,False,False,False,False,False,False,False,False,True
Mushtaq Beg,2000000,0.0,0.0,Not in 2022 Squad,False,True,False,False,False,False,False,False,False,False,False,False,True
Rocky Bhasker,2000000,0.0,0.0,Not in 2022 Squad,False,True,False,False,False,False,False,False,False,False,False,False,True
Sanjith Devaraj,2000000,0.0,0.0,Not in 2022 Squad,False,True,False,False,False,False,False,False,False,False,False,False,True
Allah Mohammad,2000000,0.0,0.0,Not in 2022 Squad,False,True,False,False,False,False,False,False,False,False,False,False,True
Lalit Mohan,2000000,0.0,0.0,Not in 2022 Squad,False,True,False,False,False,False,False,False,False,False,False,False,True
Bhuwan Rohilla,2000000,0.0,0.0,Not in 2022 Squad,False,True,False,False,False,False,False,False,False,False,False,False,True
Aman Sharma,2000000,0.0,0.0,Not in 2022 Squad,False,True,False,False,False,False,False,False,False,False,False,False,True
Manav Suthar,2000000,0.0,0.0,Not in 2022 Squad,False,True,False,False,False,False,False,False,False,False,False,False,True
Tom Curran,7500000,0.0,0.0,Not in 2022 Squad,False,False,False,False,False,False,False,False,False,False,False,False,True
Moises Henriques,10000000,0.0,0.0,Not in 2022 Squad,False,False,False,False,False,False,False,False,False,False,False,False,True
Afif Hossain,5000000,0.0,0.0,Not in 2022 Squad,False,False,False,False,False,False,False,False,False,False,False,False,True
Scott Kuggeleijn,5000000,0.0,0.0,Not in 2022 Squad,False,False,False,False,False,False,False,False,False,False,False,False,True
Sisanda Magala,5000000,0.0,0.0,Not in 2022 Squad,False,False,False,False,False,False,False,False,False,False,False,False,True
Craig Overton,20000000,0.0,0.0,Not in 2022 Squad,False,False,False,False,False,False,False,False,False,False,False,False,True
Darcy Short,7500000,0.0,0.0,Not in 2022 Squad,False,False,False,False,False,False,False,False,False,False,False,False,True
Dhananjaya Silva,5000000,0.0,0.0,Not in 2022 Squad,False,False,False,False,False,False,False,False,False,False,False,False,True
Dunith Wellalage,5000000,0.0,0.0,Not in 2022 Squad,False,False,False,False,False,False,False,False,False,False,False,False,True
Varun Aaron,5000000,0.0,0.0,GT,False,True,False,False,False,False,False,False,False,False,False,False,True
Sheldon Cottrel,5000000,0.0,0.0,Not in 2022 Squad,False,True,False,False,False,False,False,False,False,False,False,False,True
Nathan Coulter-Nile,1500000,0.0,0.0,RR,False,True,False,False,False,False,False,False,False,False,False,False,True
Daryn Dupavillon,5000000,0.0,0.0,Not in 2022 Squad,False,True,False,False,False,False,False,False,False,False,False,False,True
Matt Henry,10000000,0.0,0.0,Not in 2022 Squad,False,True,False,False,False,False,False,False,False,False,False,False,True
Dhawal Kulkarni,5000000,0.0,0.0,Not in 2022 Squad,False,True,False,False,False,False,False,False,False,False,False,False,True
Tymal Mills,20000000,0.0,0.0,MI,False,True,False,False,False,False,False,False,False,False,False,False,True
David Payne,7500000,0.0,0.0,Not in 2022 Squad,False,True,False,False,False,False,False,False,False,False,False,False,True
Barinder Sran,5000000,0.0,0.0,Not in 2022 Squad,False,True,False,False,False,False,False,False,False,False,False,False,True
Glenton Stuurman,5000000,0.0,0.0,Not in 2022 Squad,False,True,False,False,False,False,False,False,False,False,False,False,True
Anirudh Balachander,2000000,0.0,0.0,Not in 2022 Squad,True,False,False,False,False,False,False,False,False,False,False,False,True
Gourav Choudhary,2000000,0.0,0.0,Not in 2022 Squad,True,False,False,False,False,False,False,False,False,False,False,False,True
Saurav Chuahan,2000000,0.0,0.0,Not in 2022 Squad,True,False,False,False,False,False,False,False,False,False,False,False,True
Kumar Deobrat,2000000,0.0,0.0,Not in 2022 Squad,True,False,False,False,False,False,False,False,False,False,False,False,True
Chirag Gandhi,2000000,0.0,0.0,Not in 2022 Squad,True,False,False,False,False,False,False,False,False,False,False,False,True
Arman Jaffer,2000000,0.0,0.0,Not in 2022 Squad,True,False,False,False,False,False,False,False,False,False,False,False,True
Madhav Kaushik,2000000,0.0,0.0,Not in 2022 Squad,True,False,False,False,False,False,False,False,False,False,False,False,True
Priyank Panchal,2000000,0.0,0.0,Not in 2022 Squad,True,False,False,False,False,False,False,False,False,False,False,False,True
Ayush Pandey,2000000,0.0,0.0,Not in 2022 Squad,True,False,False,False,False,False,False,False,False,False,False,False,True
Rohan Patil,2000000,0.0,0.0,Not in 2022 Squad,True,False,False,False,False,False,False,False,False,False,False,False,True
Sanjay Ramaswamy,2000000,0.0,0.0,Not in 2022 Squad,True,False,False,False,False,False,False,False,False,False,False,False,True
Siddharth Yadav,2000000,0.0,0.0,Not in 2022 Squad,True,False,False,False,False,False,False,False,False,False,False,False,True
Rehan Ahmed,4000000,0.0,0.0,Not in 2022 Squad,False,False,False,False,False,False,False,False,False,False,False,False,True
Prayas Barman,2000000,0.0,0.0,Not in 2022 Squad,False,False,False,False,False,False,False,False,False,False,False,False,True
Rahul Buddhi,2000000,0.0,0.0,MI,False,False,False,False,False,False,False,False,False,False,False,False,True
Vaisakh Chandran,2000000,0.0,0.0,Not in 2022 Squad,False,False,False,False,False,False,False,False,False,False,False,False,True
Writtick Chatterjee,2000000,0.0,0.0,PBKS,False,False,False,False,False,False,False,False,False,False,False,False,True
Prashant Chopra,2000000,0.0,0.0,Not in 2022 Squad,False,False,False,False,False,False,False,False,False,False,False,False,True
Harsh Dubey,2000000,0.0,0.0,Not in 2022 Squad,False,False,False,False,False,False,False,False,False,False,False,False,True
Tanush Kotian,2000000,0.0,0.0,Not in 2022 Squad,False,False,False,False,False,False,False,False,False,False,False,False,True
Ninad Rathva,2000000,0.0,0.0,Not in 2022 Squad,False,False,False,False,False,False,False,False,False,False,False,False,True
B. Surya,2000000,0.0,0.0,Not in 2022 Squad,False,False,False,False,False,False,False,False,False,False,False,False,True
Jordan Thompson,4000000,0.0,0.0,Not in 2022 Squad,False,False,False,False,False,False,False,False,False,False,False,False,True
Shivank Vashisth,2000000,0.0,0.0,Not in 2022 Squad,False,False,False,False,False,False,False,False,False,False,False,False,True
Ankush Bains,2000000,0.0,0.0,Not in 2022 Squad,False,False,True,False,False,False,False,False,False,False,False,False,True
Christopher Benjamin,2000000,0.0,0.0,Not in 2022 Squad,False,False,True,False,False,False,False,False,False,False,False,False,True
Connor Esterhuizen,2000000,0.0,0.0,Not in 2022 Squad,False,False,True,False,False,False,False,False,False,False,False,False,True
Mohd Arslan Khan,2000000,0.0,0.0,Not in 2022 Squad,False,False,True,False,False,False,False,False,False,False,False,False,True
Mamidi Krishna,2000000,0.0,0.0,Not in 2022 Squad,False,False,True,False,False,False,False,False,False,False,False,False,True
Fazil Makaya,2000000,0.0,0.0,Not in 2022 Squad,False,False,True,False,False,False,False,False,False,False,False,False,True
Akshdeep Nath,2000000,0.0,0.0,Not in 2022 Squad,False,False,True,False,False,False,False,False,False,False,False,False,True
Deepak Punia,2000000,0.0,0.0,Not in 2022 Squad,False,False,True,False,False,False,False,False,False,False,False,False,True
Ateev Saini,2000000,0.0,0.0,Not in 2022 Squad,False,False,True,False,False,False,False,False,False,False,False,False,True
Bipin Saurabh,2000000,0.0,0.0,Not in 2022 Squad,False,False,True,False,False,False,False,False,False,False,False,False,True
B.R. Sharath,2000000,0.0,0.0,Not in 2022 Squad,False,False,True,False,False,False,False,False,False,False,False,False,True
Yashovardhan Singh,2000000,0.0,0.0,Not in 2022 Squad,False,False,True,False,False,False,False,False,False,False,False,False,True
Lakshay Thareja,2000000,0.0,0.0,Not in 2022 Squad,False,False,True,False,False,False,False,False,False,False,False,False,True
Mohit Avasthi,2000000,0.0,0.0,Not in 2022 Squad,False,True,False,False,False,False,False,False,False,False,False,False,True
Ottneil Baartman,2000000,0.0,0.0,Not in 2022 Squad,False,True,False,False,False,False,False,False,False,False,False,False,True
Gurnoor Singh Brar,2000000,0.0,0.0,Not in 2022 Squad,False,True,False,False,False,False,False,False,False,False,False,False,True
Shahrukh Dar,2000000,0.0,0.0,Not in 2022 Squad,False,True,False,False,False,False,False,False,False,False,False,False,True
Thomas Helm,4000000,0.0,0.0,Not in 2022 Squad,False,True,False,False,False,False,False,False,False,False,False,False,True
Pankaj Jaswal,2000000,0.0,0.0,Not in 2022 Squad,False,True,False,False,False,False,False,False,False,False,False,False,True
Venkatesh Muralidhara,2000000,0.0,0.0,Not in 2022 Squad,False,True,False,False,False,False,False,False,False,False,False,False,True
Geet Puri,2000000,0.0,0.0,Not in 2022 Squad,False,True,False,False,False,False,False,False,False,False,False,False,True
E. Sanketh,2000000,0.0,0.0,Not in 2022 Squad,False,True,False,False,False,False,False,False,False,False,False,False,True
Ajay Sarkar,2000000,0.0,0.0,Not in 2022 Squad,False,True,False,False,False,False,False,False,False,False,False,False,True
Ashok Sharma,2000000,0.0,0.0,Not in 2022 Squad,False,True,False,False,False,False,False,False,False,False,False,False,True
Kanwar Singh,2000000,0.0,0.0,Not in 2022 Squad,False,True,False,False,False,False,False,False,False,False,False,False,True
Fabian Allen,5000000,0.0,0.0,MI,False,False,False,False,False,False,False,False,False,False,False,False,True
Carlos Brathwaite,7500000,0.0,0.0,Not in 2022 Squad,False,False,False,False,False,False,False,False,False,False,False,False,True
Roston Chase,10000000,0.0,0.0,Not in 2022 Squad,False,False,False,False,False,False,False,False,False,False,False,False,True
Rahkeem Cornwall,10000000,0.0,0.0,Not in 2022 Squad,False,False,False,False,False,False,False,False,False,False,False,False,True
Karim Janat,5000000,0.0,0.0,Not in 2022 Squad,False,False,False,False,False,False,False,False,False,False,False,False,True
Keshav Maharaj,5000000,0.0,0.0,Not in 2022 Squad,False,False,False,False,False,False,False,False,False,False,False,False,True
Pawan Negi,5000000,0.0,0.0,Not in 2022 Squad,False,False,False,False,False,False,False,False,False,False,False,False,True
Keemo Paul,5000000,0.0,0.0,Not in 2022 Squad,False,False,False,False,False,False,False,False,False,False,False,False,True
Shivam Chaudhary,2000000,0.0,0.0,Not in 2022 Squad,False,False,False,False,False,False,False,False,False,False,False,False,True
Ashwin Das,2000000,0.0,0.0,Not in 2022 Squad,False,False,False,False,False,False,False,False,False,False,False,False,True
James Fuller,4000000,0.0,0.0,Not in 2022 Squad,False,False,False,False,False,False,False,False,False,False,False,False,True
Chirag Jani,2000000,0.0,0.0,Not in 2022 Squad,False,False,False,False,False,False,False,False,False,False,False,False,True
Akshay Karnewar,2000000,0.0,0.0,Not in 2022 Squad,False,False,False,False,False,False,False,False,False,False,False,False,True
Bhagmender Lather,2000000,0.0,0.0,Not in 2022 Squad,False,False,False,False,False,False,False,False,False,False,False,False,True
Lone Muzaffar,2000000,0.0,0.0,Not in 2022 Squad,False,False,False,False,False,False,False,False,False,False,False,False,True
Pulkit Narang,2000000,0.0,0.0,Not in 2022 Squad,False,False,False,False,False,False,False,False,False,False,False,False,True
Rohit Rayudu,2000000,0.0,0.0,Not in 2022 Squad,False,False,False,False,False,False,False,False,False,False,False,False,True
Sameer Rizvi,2000000,0.0,0.0,Not in 2022 Squad,False,False,False,False,False,False,False,False,False,False,False,False,True
Tunish Sawkar,2000000,0.0,0.0,Not in 2022 Squad,False,False,False,False,False,False,False,False,False,False,False,False,True
Auqib Dar,2000000,0.0,0.0,Not in 2022 Squad,False,True,False,False,False,False,False,False,False,False,False,False,True
Mukhtar Hussain,2000000,0.0,0.0,Not in 2022 Squad,False,True,False,False,False,False,False,False,False,False,False,False,True
Ashwani Kumar,2000000,0.0,0.0,Not in 2022 Squad,False,True,False,False,False,False,False,False,False,False,False,False,True
Hemant Kumar,2000000,0.0,0.0,Not in 2022 Squad,False,True,False,False,False,False,False,False,False,False,False,False,True
Nathan McAndrew,2000000,0.0,0.0,Not in 2022 Squad,False,True,False,False,False,False,False,False,False,False,False,False,True
Rajesh Mohanty,2000000,0.0,0.0,Not in 2022 Squad,False,True,False,False,False,False,False,False,False,False,False,False,True
Ravi Sharma,2000000,0.0,0.0,Not in 2022 Squad,False,True,False,False,False,False,False,False,False,False,False,False,True
Vikash Singh,2000000,0.0,0.0,Not in 2022 Squad,False,True,False,False,False,False,False,False,False,False,False,False,True
Ruben Trumpelmann,2000000,0.0,0.0,Not in 2022 Squad,False,True,False,False,False,False,False,False,False,False,False,False,True
Koushik Vasuki,2000000,0.0,0.0,Not in 2022 Squad,False,True,False,False,False,False,False,False,False,False,False,False,True
Vasu Vats,2000000,0.0,0.0,Not in 2022 Squad,False,True,False,False,False,False,False,False,False,False,False,False,True
Shubham Agrawal,2000000,0.0,0.0,Not in 2022 Squad,False,False,False,False,False,False,False,False,False,False,False,False,True
Baba Aparajith,2000000,0.0,0.0,Not in 2022 Squad,False,False,False,False,False,False,False,False,False,False,False,False,True
Anshul Kamboj,2000000,0.0,0.0,Not in 2022 Squad,False,False,False,False,False,False,False,False,False,False,False,False,True
Azim Kazi,2000000,0.0,0.0,Not in 2022 Squad,False,False,False,False,False,False,False,False,False,False,False,False,True
Dev Lakra,2000000,0.0,0.0,Not in 2022 Squad,False,False,False,False,False,False,False,False,False,False,False,False,True
Jitender Pal,2000000,0.0,0.0,Not in 2022 Squad,False,False,False,False,False,False,False,False,False,False,False,False,True
Ritwik Roy Chowdhury,2000000,0.0,0.0,Not in 2022 Squad,False,False,False,False,False,False,False,False,False,False,False,False,True
Utkarsh Singh,2000000,0.0,0.0,Not in 2022 Squad,False,False,False,False,False,False,False,False,False,False,False,False,True
Shubham Singh,2000000,0.0,0.0,Not in 2022 Squad,False,False,False,False,False,False,False,False,False,False,False,False,True
Avneesh Sudha,2000000,0.0,0.0,Not in 2022 Squad,False,False,False,False,False,False,False,False,False,False,False,False,True
Asad Jamil Ahmed,2000000,0.0,0.0,Not in 2022 Squad,False,True,False,False,False,False,False,False,False,False,False,False,True
Bandaru Ayyappa,2000000,0.0,0.0,Not in 2022 Squad,False,True,False,False,False,False,False,False,False,False,False,False,True
Aashish Bhatt,2000000,0.0,0.0,Not in 2022 Squad,False,True,False,False,False,False,False,False,False,False,False,False,True
McKenny Clarke,2000000,0.0,0.0,Not in 2022 Squad,False,True,False,False,False,False,False,False,False,False,False,False,True
Shubham Kapse,2000000,0.0,0.0,Not in 2022 Squad,False,True,False,False,False,False,False,False,False,False,False,False,True
Gourav Koul,2000000,0.0,0.0,Not in 2022 Squad,False,True,False,False,False,False,False,False,False,False,False,False,True
Raunak Kumar,2000000,0.0,0.0,Not in 2022 Squad,False,True,False,False,False,False,False,False,False,False,False,False,True
Trilok Nag,2000000,0.0,0.0,Not in 2022 Squad,False,True,False,False,False,False,False,False,False,False,False,False,True
Atal Bihari Rai,2000000,0.0,0.0,Not in 2022 Squad,False,True,False,False,False,False,False,False,False,False,False,False,True
Ramon Simmonds,2000000,0.0,0.0,Not in 2022 Squad,False,True,False,False,False,False,False,False,False,False,False,False,True
Rajeev Singh,2000000,0.0,0.0,Not in 2022 Squad,False,True,False,False,False,False,False,False,False,False,False,False,True
Mohd. Wasim,2000000,0.0,0.0,Not in 2022 Squad,False,True,False,False,False,False,False,False,False,False,False,False,True
Atharva Ankolekar,2000000,0.0,0.0,Not in 2022 Squad,False,False,False,False,False,False,False,False,False,False,False,False,True
Khizar Dafedar,2000000,0.0,0.0,Not in 2022 Squad,False,False,False,False,False,False,False,False,False,False,False,False,True
Naman Dhir,2000000,0.0,0.0,Not in 2022 Squad,False,False,False,False,False,False,False,False,False,False,False,False,True
Sahil Dhiwan,2000000,0.0,0.0,Not in 2022 Squad,False,False,False,False,False,False,False,False,False,False,False,False,True
Sampark Gupta,2000000,0.0,0.0,Not in 2022 Squad,False,False,False,False,False,False,False,False,False,False,False,False,True
Jordan Hermann,2000000,0.0,0.0,Not in 2022 Squad,False,False,False,False,False,False,False,False,False,False,False,False,True
Hayden Kerr,2000000,0.0,0.0,Not in 2022 Squad,False,False,False,False,False,False,False,False,False,False,False,False,True
Salman Khan,2000000,0.0,0.0,Not in 2022 Squad,False,False,False,False,False,False,False,False,False,False,False,False,True
Sairaj Patil,2000000,0.0,0.0,Not in 2022 Squad,False,False,False,False,False,False,False,False,False,False,False,False,True
Divyaansh Saxena,2000000,0.0,0.0,Not in 2022 Squad,False,False,False,False,False,False,False,False,False,False,False,False,True
Purnank Tyagi,2000000,0.0,0.0,Not in 2022 Squad,False,False,False,False,False,False,False,False,False,False,False,False,True
Prince Yadav,2000000,0.0,0.0,Not in 2022 Squad,False,False,False,False,False,False,False,False,False,False,False,False,True
Deepraj Gaonkar,2000000,0.0,0.0,Not in 2022 Squad,False,False,False,False,False,False,False,False,False,False,False,False,True
Shubham Garhwal,2000000,0.0,0.0,RR,False,False,False,False,False,False,False,False,False,False,False,False,True
Benny Howell,4000000,0.0,0.0,PBKS,False,False,False,False,False,False,False,False,False,False,False,False,True
Deepesh Nailwal,2000000,0.0,0.0,Not in 2022 Squad,False,False,False,False,False,False,False,False,False,False,False,False,True
Arjun Rapria,2000000,0.0,0.0,Not in 2022 Squad,False,False,False,False,False,False,False,False,False,False,False,False,True
Shashwat Rawat,2000000,0.0,0.0,Not in 2022 Squad,False,False,False,False,False,False,False,False,False,False,False,False,True
Sumit Ruikar,2000000,0.0,0.0,Not in 2022 Squad,False,False,False,False,False,False,False,False,False,False,False,False,True
Shivam Sharma,2000000,0.0,0.0,Not in 2022 Squad,False,False,False,False,False,False,False,False,False,False,False,False,True
Rajandeep Singh,2000000,0.0,0.0,Not in 2022 Squad,False,False,False,False,False,False,False,False,False,False,False,False,True
Anunay Singh,2000000,0.0,0.0,Not in 2022 Squad,False,False,False,False,False,False,False,False,False,False,False,False,True
Digvesh Singh,2000000,0.0,0.0,Not in 2022 Squad,False,False,False,False,False,False,False,False,False,False,False,False,True
Pranshu Vijayran,2000000,0.0,0.0,Not in 2022 Squad,False,False,False,False,False,False,False,False,False,False,False,False,True
Prerit Dutta,2000000,0.0,0.0,Not in 2022 Squad,False,False,False,False,False,False,False,False,False,False,False,False,True
Ramakrishna Ghosh,2000000,0.0,0.0,Not in 2022 Squad,False,False,False,False,False,False,False,False,False,False,False,False,True
Shubhang Hegde,2000000,0.0,0.0,Not in 2022 Squad,False,False,False,False,False,False,False,False,False,False,False,False,True
Shamshuzama Kazi,2000000,0.0,0.0,Not in 2022 Squad,False,False,False,False,False,False,False,False,False,False,False,False,True
Ayaz Khan,2000000,0.0,0.0,Not in 2022 Squad,False,False,False,False,False,False,False,False,False,False,False,False,True
Amit Pachhara,2000000,0.0,0.0,Not in 2022 Squad,False,False,False,False,False,False,False,False,False,False,False,False,True
Akul Pandove,2000000,0.0,0.0,Not in 2022 Squad,False,False,False,False,False,False,False,False,False,False,False,False,True
Garv Sangwan,2000000,0.0,0.0,Not in 2022 Squad,False,False,False,False,False,False,False,False,False,False,False,False,True
Shubham Sharma,2000000,0.0,0.0,Not in 2022 Squad,False,False,False,False,False,False,False,False,False,False,False,False,True
Amit Yadav,2000000,0.0,0.0,Not in 2022 Squad,False,False,False,False,False,False,False,False,False,False,False,False,True
Amit Ali,2000000,0.0,0.0,Not in 2022 Squad,False,False,False,False,False,False,False,False,False,False,False,False,True
Rishabh Chauhan,2000000,0.0,0.0,Not in 2022 Squad,False,False,False,False,False,False,False,False,False,False,False,False,True
Matthew Forde,2000000,0.0,0.0,Not in 2022 Squad,False,False,False,False,False,False,False,False,False,False,False,False,True
Sammar Gajjar,2000000,0.0,0.0,Not in 2022 Squad,False,False,False,False,False,False,False,False,False,False,False,False,True
Rajneesh Gurbani,2000000,0.0,0.0,Not in 2022 Squad,False,False,False,False,False,False,False,False,False,False,False,False,True
Divyansh Joshi,2000000,0.0,0.0,Not in 2022 Squad,False,False,False,False,False,False,False,False,False,False,False,False,True
Dhruv Patel,2000000,0.0,0.0,Not in 2022 Squad,False,False,False,False,False,False,False,False,False,False,False,False,True
Jack Prestwidge,2000000,0.0,0.0,Not in 2022 Squad,False,False,False,False,False,False,False,False,False,False,False,False,True
Aditya Sarvate,2000000,0.0,0.0,Not in 2022 Squad,False,False,False,False,False,False,False,False,False,False,False,False,True
Sagar Solanki,2000000,0.0,0.0,Not in 2022 Squad,False,False,False,False,False,False,False,False,False,False,False,False,True
Prenelan Subrayen,2000000,0.0,0.0,Not in 2022 Squad,False,False,False,False,False,False,False,False,False,False,False,False,True
